issnl,issn_ref,publisher,form,title,rssurl,peerreview
0001-706X,1873-6254,"New York, NY : Elsevier Science",JD,"Acta tropica",http://rss.sciencedirect.com/publication/science/4897,Y
0002-9440,1525-2191,"Bethesda, Md. : American Society for Investigative Pathology",JD,"The American journal of pathology",,Y
0002-9459,1553-6467,"Alexandria, Va. : American Association of Colleges of Pharmacy",JD,"American journal of pharmaceutical education",,Y
0002-9637,1476-1645,"Northbrook, Ill. : American Society of Tropical Medicine and Hygiene",JD,"The American journal of tropical medicine and hygiene official journal of the American Society of Tropical Medicine and Hygiene",,Y
0003-2700,0003-2700,"Washington : American Chemical Society",JB,"Analytical chemistry",http://pubs.acs.org/wls/alerts/rss/ancham.rss,Y
0003-4819,1539-3704,"Philadelphia, Pa. : American College of Physicians",JD,"Annals of internal medicine",,Y
0003-4932,1528-1140,"Philadelphia PA : Lippincott, Williams & Wilkins",JD,"Annals of surgery",http://journals.lww.com/annalsofsurgery/_layouts/OAKS.Journals/feed.aspx?FeedType=CurrentIssue,Y
0003-6919,0003-6919,"Baltimore, Md. : Williams & Wilkins",JB,"Applied microbiology",,
0003-9888,1468-2052,"London : BMJ Pub. Group",JD,"Archives of disease in childhood. Fetal and neonatal edition",http://adc.bmj.com/rss/current.xml,Y
0006-3002,1879-2618,"New York : Elsevier Science",JD,"Biochimica et biophysica acta. Molecular and cell biology of lipids",http://rss.sciencedirect.com/publication/science/4898,Y
0006-3495,1542-0086,"Bethesda, MD : Biophysical Society",JD,"Biophysical journal",http://www.biophysj.org/rss/current.xml,
0007-0920,0007-1234,"London Cambridge University Press",JB,"British journal of political science",http://journals.cambridge.org/data/rss/feed_JPS_rss_2.0.xml,Y
0007-1021,0007-1021,"London : H.K. Lewis & Co Ltd",JB,"The British journal of experimental pathology",http://onlinelibrary.wiley.com/rss/journal/10.1111/(ISSN)1365-2613,Y
0007-1188,1476-5381,": Oxford : Wiley-Blackwell London : Nature Pub. Group",JD,"British journal of pharmacology",http://onlinelibrary.wiley.com/rss/journal/10.1111/(ISSN)1476-5381,Y
0007-1447,1759-2151,"London : British Medical Journal",JB,"British medical journal : BMJ",http://www.bmj.com/rss/current.xml,Y
0008-350X,0008-350X,"Willowdale, Ont. College of Family Physicians of Canada",JB,"Canadian family physician",,
0008-4123,1920-2903,"Toronto : Canadian Society of Hospital Pharmacists",JD,"The Canadian journal of hospital pharmacy Le journal canadien de la pharmacie hospitalière",,
0008-4409,1488-2329,"Ottawa : Canadian Medical Association",JD,"Canadian Medical Association journal",http://www.cmaj.ca/rss/current.xml,Y
0009-7330,1524-4571,"Stanford, Calif. : Baltimore, Md. : Lippincott Williams & Wilkins ; Highwire Press",JD,"Circulation research journal of the American Heart Association",http://circres.ahajournals.org/rss/ahead.xml,Y
0009-9147,1530-8561,"Washington, DC : American Association for Clinical Chemistry",JD,"Clinical chemistry",http://www.clinchem.org/rss/current.xml,Y
0009-921X,1528-1132,": New York : Springer : Philadelphia PA : Lippincott, Williams & Wilkins",JD,"Clinical orthopaedics and related research",http://www.springerlink.com/content/120901?sortorder=asc&export=rss,Y
0012-1606,0012-1606,"San Diego Academic Press",JB,"Developmental biology",http://rss.sciencedirect.com/publication/science/6766,Y
0014-3820,0014-3820,"Lancaster, PA. : Society for the Study of Evolution",JB,"Evolution : international journal of organic evolution",http://onlinelibrary.wiley.com/rss/journal/10.1111/(ISSN)1558-5646,Y
0017-8594,0017-8594,"Honolulu : Hawaii Medical Association",JB,"Hawaii medical journal",,
0018-067X,1365-2540,"London : Genetical Society of Great Britain",JD,Heredity,http://www.nature.com/hdy/journal/vaop/ncurrent/rss.rdf,Y
0018-5787,1945-1253,"Philadelphia : J.B. Lippincott",JD,"Hospital pharmacy",http://thomasland.metapress.com/content/121650/?sortorder=asc&export=rss,
0019-2805,0953-4954,"Oxford, England : Blackwell Scientific",JB,"Immunology. Supplement",http://onlinelibrary.wiley.com/rss/journal/10.1111/(ISSN)1365-2567,Y
0019-4832,0019-4832,"Bombay, India : The Society",JB,"Indian heart journal : official publication of the Cardiological Society of India",,
0019-9567,1070-6313,"Washington, D.C. : American Society for Microbiology",JC,"Infection and immunity",,Y
0020-7519,1879-0135,"Oxford ; New York : Elsevier Science",JD,"International journal for parasitology",http://rss.sciencedirect.com/publication/science/5057,Y
0021-8782,1469-7580,"Cambridge : Cambridge University Press",JD,"Journal of anatomy",http://onlinelibrary.wiley.com/rss/journal/10.1111/(ISSN)1469-7580,Y
0021-9193,1067-8832,"Washington, D.C. : American Society for Microbiology",JC,"Journal of bacteriology",,Y
0021-9258,1067-8816,"San Francisco, CA : Lightbinders, Inc",JC,"The journal of biological chemistry",http://www.jbc.org/rss/current.xml,Y
0021-9738,1558-8238,"New York, N.Y. : American Society for Clinical Investigation",JD,"The journal of clinical investigation",,Y
0022-1007,1540-9538,"New York, NY : Rockefeller University Press",JD,"The journal of experimental medicine",http://www.jem.org/rss/current.xml,Y
0022-1031,1096-0465,"<&gt;: New York : Elsevier : Orlando, Fla. : Academic Press",JD,"Journal of experimental social psychology",http://rss.sciencedirect.com/publication/science/6874,Y
0022-1317,1465-2099,"Reading, UK : Society for General Microbiology",JD,"Journal of general virology",,Y
0022-1724,0022-1724,"New York, Cambridge University Press; Macmillan Co",JB,"The journal of hygiene",,Y
0022-1767,1047-7381,"Baltimore, U.S.A. : Williams & Wilkins Co",JB,"The Journal of immunology, virus research and experimental chemotherapy",,Y
0022-1899,0865-1892,,JB,,http://www.journals.uchicago.edu/action/showFeed?ui=0&mi=0&ai=s1&jc=jid&type=etoc&feed=rss,Y
0022-2275,0865-2279,,JB,,http://www.jlr.org/rss/current.xml,Y
0022-2585,0022-2585,"Honolulu, Entomology Dept., B.P. Bishop Museum",JB,"Journal of medical entomology",http://www.bioone.org/action/showFeed?type=etoc&feed=rss&jc=ment,Y
0022-2828,0022-2828,"New York, London, Academic Press",JB,"Journal of molecular and cellular cardiology",http://rss.sciencedirect.com/publication/science/6898,Y
0022-2836,0022-2836,"<Feb. &gt;-; Amsterdam Elsevier London : Academic Press",JD,"Journal of molecular biology",http://rss.sciencedirect.com/publication/science/6899,Y
0022-3859,0972-2823,"Mumbai, India : Medknow Publications",JD,"Journal of postgraduate medicine",http://www.jpgmonline.com/rssfeed.asp,Y
0022-4197,0865-4190,,JB,,http://www.springerlink.com/content/104938?sortorder=asc&export=rss,Y
0022-5193,0022-5193,"New York, London, Academic Press",JD,"Journal of theoretical biology",http://rss.sciencedirect.com/publication/science/6932,Y
0022-538X,1070-6321,"Washington, D.C. : American Society for Microbiology",JC,"Journal of virology",,
0023-8333,1467-9922,"Oxford : Blackwell Publishers",JD,"Language learning A Journal of Research in Language Studies",http://onlinelibrary.wiley.com/rss/journal/10.1111/(ISSN)1467-9922,Y
0025-7273,2048-8343,"London : Wm Dawson & Sons Ltd",JD,"Medical history",,Y
0025-7974,1536-5964,"Baltimore, MD : Williams & Wilkins",JD,Medicine,,Y
0027-8424,0273-1134,"Ann Arbor, Mich., : University Microfilms International",JB,"Proceedings of the National Academy of Sciences of the United States of America. Biological Sciences",http://www.pnas.org/rss/current.xml,Y
0028-0836,0302-2889,"London : Macmillan",JD,Nature,,Y
0028-4793,1533-4406,"Boston, MA : Massachusetts Medical Society",JD,"The New England journal of medicine",http://www.nejm.org/action/showFeed?jc=nejm&type=etoc&feed=rss,Y
0028-7091,1099-3460,"Cary, NC : Oxford University Press for the New York Academy of Medicine",JB,"Journal of urban health : bulletin of the New York Academy of Medicine",http://www.springerlink.com/content/119977?sortorder=asc&export=rss,Y
0032-0889,1532-2548,"Chicago : American Society of Plant Physiologists",JD,"Plant physiology",http://www.plantphysiol.org/rss/current.xml,Y
0032-5473,1469-0756,"London : Blackwell Scientific Publ",JD,"Postgraduate medical journal",http://pmj.bmj.com/rss/current.xml,Y
0033-3174,1534-7796,"Washington, DC : Committee on Problems of Neurotic Behavior, Division of Anthropology and Psychology, National Research Council",JD,"Psychosomatic medicine",http://www.psychosomaticmedicine.org/rss/current.xml,Y
0034-8910,1518-8787,"São Paulo : Fac. de Saúde Pública da Univ. de São Paulo",JD,"Revista de saúde pública publication of the Faculdade de Saúde Pública da Universidade de São Paulo = Journal of public health",http://www.scielo.br/rss.php?pid=0034-8910&lang=en,Y
0034-9887,0717-6163,"Santiago, Chile : Sociedad Médica de Santiago",JD,"Revista médica de Chile",,Y
0035-9157,2047-721X,"London : Royal Society of Medicine",JD,"Journal of the Royal Society of Medicine. Supplement",http://jrsm.rsmjournals.com/rss_feeds/current.xml,
0035-9203,1878-3503,"Oxford : Oxford University Press. London : Royal Society of Tropical Medicine and Hygiene",JD,"Transactions of the Royal Society of Tropical Medicine and Hygiene",http://rss.sciencedirect.com/publication/science/13100,Y
0036-4665,0036-4665,"Instituto de Medicina Tropical de Sao Paulo",JB,"Revista do Instituto de Medicina Tropical de São Paulo",http://www.scielo.br/rss.php?pid=0036-4665&lang=en,Y
0036-8075,1095-9203,"New York, N.Y. : publisher not identified",JD,Science,http://www.sciencemag.org/rss/current.xml,Y
0037-5675,0037-5675,"Singapore, Singapore Medical Association",JD,"Singapore medical journal",,
0041-1132,1537-2995,"Arlington, VA : American Association of Blood Banks",JD,Transfusion,http://onlinelibrary.wiley.com/rss/journal/10.1111/(ISSN)1537-2995,Y
0041-1337,1534-6080,"Baltimore : Lippincott Williams & Wilkins",JD,Transplantation,http://journals.lww.com/transplantjournal/_layouts/OAKS.Journals/feed.aspx?FeedType=CurrentIssue,
0042-6822,1089-862X,"San Diego, CA : Academic Press",JC,Virology,http://rss.sciencedirect.com/publication/science/7165,Y
0042-9686,0366-4996,,JB,"Bulletin of the World Health Organization",,Y
0044-0086,0018-5663,"San Francisco Association of Western Hospitals",JB,"Hospital forum",,
0047-2891,1467-9833,"Oxford : Blackwell Publishers",JD,"Journal of social philosophy",http://onlinelibrary.wiley.com/rss/journal/10.1111/(ISSN)1467-9833,Y
0047-6374,1872-9649,"New York : Amsterdam ; Elsevier Science",JD,"Ageing research reviews",http://rss.sciencedirect.com/publication/science/7243,Y
0048-9697,1879-1026,"New York : Amsterdam ; Elsevier Science",JD,"The science of the total environment",http://rss.sciencedirect.com/publication/science/5836,Y
0066-4804,1070-6283,"Washington, D.C. : American Society for Microbiology",JC,"Antimicrobial agents and chemotherapy",,Y
0074-0276,1678-8060,"SciELO : Rio de Janeiro : The Scientific Electronic Library Online host, Instituto Oswaldo Cruz ;",JD,"Memórias do Instituto Oswaldo Cruz",http://www.scielo.br/rss.php?pid=0074-0276&lang=en,Y
0090-0036,1541-0048,"Washington, DC : American Public Health Association",JD,"American journal of public health",,Y
0091-6765,1542-4375,"Research Triangle Park, N.C. : U.S. Dept. of Health and Human Services",JD,"Huan jing yu jian kang zhan wang Environmental health perspectives, Chinese edition",,Y
0092-8674,1097-4172,"Cambridge, Mass. : MIT",JD,Cell,http://rss.sciencedirect.com/publication/science/7051,Y
0093-0415,1476-2978,"London : BMJ Publishing Group",JD,"The Western journal of medicine",,Y
0095-1137,1070-633X,"Washington, D.C. : American Society for Microbiology",JC,"Journal of clinical microbiology",,Y
0098-7484,0254-9077,Baar,JB,"Jama : the Journal of the American Medical Association",http://jama.ama-assn.org/rss/current.xml,Y
0099-2240,1070-6291,"Washington, D.C. : American Society for Microbiology",JC,"Applied and environmental microbiology",,Y
0100-3984,1678-7099,"São Paulo Brazil : Colégio Brasileiro de Radiologia e Diagnóstico por Imagem",JD,"Radiologia brasileira RB",http://www.scielo.br/rss.php?pid=0100-3984&lang=en,Y
0100-879X,1678-4510,"São Paulo : Associaçao Brasileira de Divulgação Científica",JD,"Brazilian journal of medical and biological research",http://www.scielo.br/rss.php?pid=0100-879X&lang=en,Y
0103-507X,0103-507X,"Rio de Janeiro : Associação de Medicina Intensiva Brasileira",JD,"Revista Brasileira de terapia intensiva",http://www.scielo.br/rss.php?pid=0103-507X&lang=en,Y
0104-1169,1518-8345,"Ribeirão Preto, SP, Brazil : Escola de Enfermagem de Ribeirão Preto, Universidade de São Paulo",JD,"Revista latino-americana de enfermagem Latin American journal of nursing",http://www.scielo.br/rss.php?pid=0104-1169&lang=en,Y
0120-4157,0120-4157,"Bogotá, Colombia : Instituto Nacional de Salud",JB,"Biomédica : revista del Instituto Nacional de Salud",,Y
0140-6736,0023-7507,London,MA,"The Lancet",http://rss.sciencedirect.com/publication/science/4886,Y
0142-6338,1465-3648,,JD,"Journal of tropical pediatrics (Online)",http://tropej.oxfordjournals.org/rss/current.xml,Y
0143-005X,0141-7681,"London, British Medical Association",JB,"Journal of epidemiology and community health",http://jech.bmj.com/rss/current.xml,Y
0145-9740,0145-9740,"Philadelphia : Taylor & Francis New York, N.Y., Gordon and Breach",JB,"Medical anthropology",http://www.tandfonline.com/action/showFeed?jc=scri20&type=etoc&feed=rss,
0146-0404,0020-9988,"St. Louis C.V. Mosby Co",JB,"Investigative ophthalmology",http://www.iovs.org/rss/current.xml,Y
0146-6615,1096-9071,"New York, NY : Wiley-Liss",JD,"Journal of medical virology",http://onlinelibrary.wiley.com/rss/journal/10.1002/(ISSN)1096-9071,Y
0161-5890,1872-9142,"Kidlington, Oxford : Elsevier Science Ltd",JD,"Molecular immunology",http://rss.sciencedirect.com/publication/science/5121,Y
0165-0653,1573-3246,"New York : Kluwer Academic/Plenum Publishers",JD,"International journal for the advancement of counselling",http://www.springerlink.com/content/102909?sortorder=asc&export=rss,Y
0165-6147,0165-604X,"'s-Gravenhage : Stichting Public Relations Land- en Tuinbouw,",JB,"19Nu / uitg. van de Stichting Public Relations Land- en Tuinbouw",http://rss.sciencedirect.com/publication/science/4893,Y
0166-0934,1879-0984,"Amsterdam : Elsevier Science",JD,"Journal of virological methods",http://rss.sciencedirect.com/publication/science/5106,Y
0166-3542,1872-9096,"Amsterdam : Elsevier Science BV",JD,"Antiviral research",http://rss.sciencedirect.com/publication/science/4919,Y
0168-6445,1574-6976,"New York, NY : Elsevier Science Pub. Co",JD,"FEMS microbiology reviews",http://onlinelibrary.wiley.com/rss/journal/10.1111/(ISSN)1574-695X,Y
0214-6282,1696-3547,"Vizcaya, Spain : University of the Basque Country Press",JD,"The international journal of developmental biology",,
0256-7040,1433-0342,"Baden-Baden : Nomos-Verl.-Ges",JB,"Zeitschrift für Urheber- und Medienrecht : ZUM Rechtsprechungsdienst",http://www.springerlink.com/content/100510?sortorder=asc&export=rss,Y
0261-4189,0261-4189,"Jan. 14 : London : Nature Pub. Group Jan. 4 Dec. 15 : London : Oxford University Press <Jan. &gt;-Dec. 15 : Oxford : Published for the European Molecular Biology Organization by IRL Press",JB,"The EMBO journal",http://www.nature.com/embor/journal/vaop/ncurrent/rss.rdf,Y
0264-410X,1873-2518,"Amsterdam : Elsevier Science",JD,Vaccine,http://rss.sciencedirect.com/publication/science/5188,Y
0264-6021,0306-3275,"London, Biochemical Society",MA,"The Biochemical journal: Molecular aspects",http://www.biochemj.org/bj/rss/toc.xml,
0264-8377,0264-8377,"Guildford, Surrey : Butterworths",JB,"Land use policy",http://rss.sciencedirect.com/publication/science/5912,Y
0268-1161,0268-1161,"Washington, D.C. : Oxford ; Published for the European Society of Human Reproduction and Embryology by IRL Press",JB,"Human reproduction",http://humrep.oxfordjournals.org/rss/current.xml,Y
0269-9702,1467-8519,"Oxford : Blackwell Pub",JD,Bioethics,http://onlinelibrary.wiley.com/rss/journal/10.1111/(ISSN)1467-8519,Y
0270-6474,1529-2401,"Washington, D.C. : Society for Neuroscience",JD,"The journal of neuroscience the official journal of the Society for Neuroscience",http://www.jneurosci.org/rss/current.xml,Y
0270-7306,1067-8824,"Washington, D.C. : American Society for Microbiology",JC,"Molecular and cellular biology",,Y
0272-4391,1098-2299,"New York, N.Y. : Wiley-Liss, Inc., Alan R. Liss, Inc",JD,"Drug development research",http://onlinelibrary.wiley.com/rss/journal/10.1002/(ISSN)1098-2299,Y
0300-5127,1470-8752,"London : Portland Press",JD,Transactions,http://www.biochemsoctrans.org/bst/rss/toc.xml,Y
0300-8126,0173-2129,"München : MMV Medizin-Verlag",JB,"Infection : offizielles Organ der Paul-Ehrlich Gesellschaft und der Deutschen Gesellschaft für Infektiologie. Supplement",http://www.springerlink.com/content/103905?sortorder=asc&export=rss,Y
0300-8584,0340-1782,"Berlin Springer-Verlag",JB,"Zeitschrift für Hygiene und Infektionskrankheiten, medizinische Mikrobiologie, Immunologie und Virologie",http://www.springerlink.com/content/100444?sortorder=asc&export=rss,Y
0300-9734,2000-1967,"<&gt;: London, England : Informa Healthcare Upsala : Upsala Medical Society",JD,"Upsala journal of medical sciences",http://informahealthcare.com/action/showFeed?jc=ups&type=etoc&feed=rss,Y
0301-4738,1998-3689,"Madras : All India Ophthalmological Society",JD,"Indian journal of ophthalmology",http://www.ijo.in/rssfeed.asp,Y
0305-1048,0301-5610,"Oxford : Oxford Univ. Press",JB,"Nucleic acids research",http://nar.oxfordjournals.org/rss/current.xml,Y
0306-0012,0306-0012,"London, Royal Society of Chemistry",JB,"Chemical Society reviews",http://feeds.rsc.org/rss/CS,Y
0306-3674,1473-0480,"<&gt; : London : BMJ Pub. Group S.l. : Butterworth-Heinemann",JD,"British journal of sports medicine",http://bjsm.bmj.com/rss/current.xml,Y
0312-5963,1179-1926,"Langhorne, PA : Adis International",JD,"Clinical pharmacokinetics",http://adisonline.com/pharmacokinetics/_layouts/OAKS.Journals/feed.aspx?FeedType=CurrentIssue,Y
0312-8008,0312-8008,": Sydney : National Prescribing Service Canberra, Australian Govt. Pub. Service",JB,"Australian prescriber",,
0316-5957,0846-8389,"Gardenvale, Quebec : National Business Publications",JB,"Canadian journal of comparative medicine",,
0340-5354,0939-1517,"Berlin : Springer-Verlag",JB,"Journal of neurology. Supplement to",http://www.springerlink.com/content/100440?sortorder=asc&export=rss,Y
0340-6717,0340-6717,"New York : Berlin ; Springer-Verlag",JB,"Human genetics",http://www.springerlink.com/content/100421?sortorder=asc&export=rss,Y
0341-2695,0341-2695,"New York, Berlin, Springer-Verlag",JB,"International orthopaedics",http://www.springerlink.com/content/100518?sortorder=asc&export=rss,Y
0351-0026,0351-0026,"<&gt;: Ljubljana : Inštitut za varovanje zdravja Republike Slovenije Ljubljana : Univerzitetni zavod za zdravstveno in socialno varstvo",JB,"Zdravstveno varstvo",,
0353-9504,1332-8166,"v. 33, no. 2/3 ()- : Berlin : . W. Pabst Zagreb : University of Zagreb Medical School",JD,"Croatian medical journal",,Y
0360-4012,0360-4012,"Hoboken, NJ, Wiley-Liss",JB,"Journal of neuroscience research",http://onlinelibrary.wiley.com/rss/journal/10.1002/(ISSN)1097-4547,Y
0364-5134,1531-8249,"Boston : American Neurological Association",JD,"Annals of neurology",http://onlinelibrary.wiley.com/rss/journal/10.1002/(ISSN)1531-8249,Y
0366-0826,0366-0826,,JB,"British journal of pharmacology and chemotherapy",,Y
0366-6999,0366-6999,"Peking, Chinese Medical Assn",JB,"Chinese medical journal",,Y
0377-1237,0377-1237,"New Delhi, V. Parkash",JB,"Medical journal, Armed Forces India",,
0379-5284,0379-5284,"Riyadh, Great Britain, Staples Printers Rochester Ltd. Riyadh Al-Kharj Hospital Programme",JB,"Saudi medical journal",,
0386-6092,0386-6092,"Osaka Kinki Univ. Medical Assn",JB,"Acta medica Kinki University",,
0735-1631,1098-8785,"New York, NY : Thieme Medical Publishers",JD,"American journal of perinatology",http://www.thieme-connect.de/rss/thieme/en/ajp.xml,
0737-4038,1537-1719,"< &gt;: Cary, NC : Oxford University Press Laurence, Kan. : Society for Molecular Biology and Evolution",JD,"Molecular biology and evolution",http://mbe.oxfordjournals.org/rss/current.xml,Y
0742-2091,1573-6822,"Dordrecht : Kluwer Academic Publishers",JD,"Cell biology and toxicology",http://www.springerlink.com/content/102864?sortorder=asc&export=rss,Y
0778-7367,0003-9578,Brussels,JB,"Archives belges de medecine sociale hygiene, medecine du travail et medecine legale. Belgisch archief van sociale geneeskunde, hygieene, arbeidsgeneeskunde en gerechtelijke",,Y
0820-3946,1488-2329,"Ottawa : Canadian Medical Association",JD,"Canadian Medical Association journal",http://www.cmaj.ca/rss/current.xml,Y
0883-6612,0883-6612,"Knoxville, TN : The Society",JB,"Annals of behavioral medicine : a publication of the Society of Behavioral Medicine",http://www.springerlink.com/content/120893?sortorder=asc&export=rss,Y
0887-378X,1468-0009,"New York, N.Y. : Published for the Milbank Memorial Fund by Cambridge University Press",JD,"The Milbank quarterly",http://onlinelibrary.wiley.com/rss/journal/10.1111/(ISSN)1468-0009,Y
0893-8512,1070-6305,"Washington, D.C. : American Society for Microbiology",JC,"Clinical microbiology reviews",,Y
0899-8280,0899-8280,"Dallas, Tex. : Baylor Research Foundation",JD,"Proceedings / Baylor University Medical Center",,Y
0932-0067,0721-8249,"New York : München : Berlin ; Springer ; J.F. Bergmann",JB,"Verhandlungen der Deutschen Gesellschaft für Gynäkologie und Geburtshilfe",http://www.springerlink.com/content/100399?sortorder=asc&export=rss,Y
0932-0113,0044-3255,"Berlin : J. Springer",JB,"Zeitschrift für Parasitenkunde",http://www.springerlink.com/content/100447?sortorder=asc&export=rss,Y
0939-5555,0939-5555,"New York : Berlin ; Springer International",JB,"Annals of hematology",http://www.springerlink.com/content/100397?sortorder=asc&export=rss,Y
0940-6719,1432-0932,"Heidelberg : Springer-Verlag",JD,"European spine journal",http://www.springerlink.com/content/101557?sortorder=asc&export=rss,Y
0951-7375,1080-7861,"Cambridge, MA : Electronic Press",JC,"Current opinion in infectious diseases, with evaluated MEDLINE",http://journals.lww.com/co-infectiousdiseases/_layouts/OAKS.Journals/feed.aspx?FeedType=CurrentIssue,
0952-7915,0952-7915,"Philadelphia, PA, USA : Current Science",JB,"Current opinion in immunology",http://rss.sciencedirect.com/publication/science/6249,Y
0954-0121,1360-0451,"Abingdon, Oxfordshire : Carfax International Publishers",JD,"AIDS care",http://www.tandfonline.com/action/showFeed?jc=cphp20&type=etoc&feed=rss,
0956-3202,0956-3202,"Oxford, UK ; Boston : Blackwell Scientific Publications",JB,"Antiviral chemistry & chemotherapy",,
0959-440X,0959-440X,"London : Current Biology",JB,"Current opinion in structural biology",http://rss.sciencedirect.com/publication/science/6254,Y
0959-8138,1759-2151,"London : British Medical Journal",JB,"British medical journal : BMJ",http://www.bmj.com/rss/current.xml,Y
0959-9673,0007-1021,"London : H.K. Lewis & Co Ltd",JB,"The British journal of experimental pathology",http://onlinelibrary.wiley.com/rss/journal/10.1111/(ISSN)1365-2613,Y
0960-1643,0960-1643,"London : Royal College of General Practitioners",JB,"The British journal of general practice : the journal of the Royal College of General Practitioners",http://api.ingentaconnect.com/content/rcgp/bjgp/latest?format=rss,
0962-8436,0264-3804,"Leamington Spa : Mitaka",JB,"Japanscan : Bio-industry bulletin",http://rstb.royalsocietypublishing.org/rss/current.xml,
0962-8452,0950-1193,"London : The Society",JB,"Proceedings of the Royal Society of London. Series B, Containing papers of a biological character",http://rspb.royalsocietypublishing.org/rss/current.xml,Y
0962-9343,1573-2649,"Oxford, UK : Rapid Communications of Oxford Ltd",JD,"Quality of life research",http://www.springerlink.com/content/100213?sortorder=asc&export=rss,Y
0962-9351,0962-9351,"Oxford, UK : Rapid Communications of Oxford Ltd",JB,"Mediators of inflammation",http://www.hindawi.com/journals/mi/rss.xml,Y
0964-4563,0964-4563,"London : BMJ Pub. Group",JB,"Tobacco control",http://tobaccocontrol.bmj.com/rss/current.xml,Y
0964-6906,1460-2083,"Oxford : Oxford University Press",JD,"Human molecular genetics",http://hmg.oxfordjournals.org/rss/current.xml,Y
0966-842X,1878-4380,"London : Elsevier Science",JD,"Trends in microbiology",http://rss.sciencedirect.com/publication/science/5184,Y
0970-0218,1998-3581,"Chandigarh, India : Indian Association of Prevention and Social Medicine",JD,"Indian journal of community medicine official publication of Indian Association of Preventive & Social Medicine",http://www.ijcm.org.in/rssfeed.asp,Y
0971-4065,1998-3662,"Ahmedabad : Indian Society of Nephrology",JD,"Indian journal of nephrology",http://www.indianjnephrol.org/rssfeed.asp,Y
0971-5851,0975-2129,"v. 30- : Mumbai : Medknow Publications v. 15-<23&gt; : Ahmedabad : Indian Society of Medical & Paediatric Oncology",JD,"Indian journal of medical and paediatric oncology : official journal of Indian Society of Medical & Paediatric Oncology",http://www.ijmpo.org/rssfeed.asp,Y
0971-5916,0971-5916,"New Delhi : Indian Council of Medical Research",JB,"The Indian journal of medical research",,Y
0972-2327,0972-2327,"Mumbai : Medknow",JD,"Annals of Indian Academy of Neurology",http://www.annalsofian.org/rssfeed.asp,Y
0973-2063,0973-2063,"Singapore : Biomedical Informatics Pub. Group",JD,Bioinformation,,
0974-7230,0974-7230,"S.l. : OMICS Publishing Group",JB,"Journal of computer science and systems biology",,Y
0974-777X,0974-8245,"Mumbai : Medknow Publications",JD,"Journal of Global Infectious Diseases",http://www.jgid.org/rssfeed.asp,Y
0975-9476,0976-2809,"Mumbai : Medknow Publications",JD,"Journal of Ayurveda and integrative medicine",,Y
1001-0602,1748-7838,"Beijing, China : Institute of Biochemistry and Cell Biology, Shanghai Institutes for Biological Sciences, Chinese Academy of Sciences",JD,"Cell research",http://www.nature.com/cr/journal/vaop/ncurrent/rss.rdf,Y
1008-682X,1745-7262,"New York, NY : Nature Pub. Group <&gt;- Oxford : Blackwell",JD,"Asian journal of andrology",http://www3.interscience.wiley.com/rss/journal/118543653,Y
1011-2367,1976-5517,"Seoul : Asian-Australasian Association of Animal Production Societies",JB,"Asian-Australasian journal of animal sciences",,Y
1011-8934,1598-6357,"Seoul, Korea : Korean Academy of Medical Science",JD,"Journal of Korean medical science",,
1018-4813,1476-5438,": London : Nature Publishing Group <&gt;: MacMillan Publishers Ltd. London : <&gt;: Houndmills, Basingstoke, Hampshire, UK : Stockton Press <&gt;: New York : Basel ; Karger",JD,"European journal of human genetics",http://www.nature.com/ejhg/journal/vaop/ncurrent/rss.rdf,Y
1021-7770,1423-0127,"Basel, Switzerland : Karger",JD,"Journal of biomedical science",http://www.jbiomedsci.com/rss/,Y
1025-496X,1025-496X,"Saint-Maurice : Hôpital national de Saint-Maurice",JB,"Euro surveillance : bulletin européen sur les maladies transmissibles = European communicable disease bulletin",,
1029-1857,1029-1857,"Jimma, Ethiopia : Research and Publications Office of Jimma University",JB,"Ethiopian journal of health sciences",,
1029-8428,1476-3524,"Mountain Home, Tenn. : Graham",JD,"Neurotoxicity research : neurodegeneration, neuroregeneration, neurotrophic action, neuroprotection : official journal of the Neurotoxicity Society",http://www.tandfonline.com/action/showFeed?jc=gneu20&type=etoc&feed=rss,Y
1040-452X,1098-2795,"New York, N.Y. : Wiley",JD,"Molecular reproduction and development",http://onlinelibrary.wiley.com/rss/journal/10.1002/(ISSN)1098-2795,Y
1040-9238,0045-6411,"Cleveland : CRC Press",JB,"CRC critical reviews in biochemistry",http://informahealthcare.com/action/showFeed?jc=bmg&type=etoc&feed=rss,Y
1043-1802,1043-1802,"Washington, DC : American Chemical Society, ©",JB,"Bioconjugate chemistry",http://pubs.acs.org/wls/alerts/rss/bcches.rss,Y
1043-3155,2166-6482,"Chicago, IL : Pediatric Neurology Briefs Publishers",JD,"Pediatric neurology briefs",,
1044-5498,1044-5498,"New York, N.Y. : Mary Ann Liebert, ©",JB,"DNA and cell biology",http://www.liebertonline.com/action/showFeed?ui=0&mi=0&ai=ry&jc=dna&type=etoc&feed=rss,Y
1047-8477,1095-8657,"Orlando, Fla. : Academic Press",JD,"Journal of structural biology",http://rss.sciencedirect.com/publication/science/6925,Y
1052-1372,1052-1372,"Lawrenceville, NJ : CORE Medical Journals",JB,"P&T : a peer-reviewed journal for formulary management",,
1058-0468,1058-0468,"<&gt;: New York : Springer <&gt;: Amsterdam : Springer : New York : Plenum Press",JB,"Journal of assisted reproduction and genetics",http://www.springerlink.com/content/104689?sortorder=asc&export=rss,Y
1058-4838,1537-6591,"Chicago, IL : University of Chicago Press",JD,"Clinical infectious diseases",http://www.journals.uchicago.edu/action/showFeed?ui=0&mi=0&ai=sb&jc=cid&type=etoc&feed=rss,Y
1059-1524,1044-2030,"Bethesda, Md. : American Society for Cell Biology",JD,"Cell regulation",,Y
1064-7481,1064-7481,"Washington, DC : American Psychiatry Press",JB,"The American journal of geriatric psychiatry : official journal of the American Association for Geriatric Psychiatry",,Y
1070-5309,1545-6838,"Washington, DC : National Association of Social Workers",JD,"Social work research",http://api.ingentaconnect.com/content/nasw/swr/latest?format=rss,Y
1074-7613,1074-7613,"Cambridge, Mass. : Cell Press, ©",JB,Immunity,http://rss.sciencedirect.com/publication/science/7052,Y
1078-8956,1546-170X,"New York, N.Y. : Nature America, Inc",JD,"Nature medicine",http://www.nature.com/nm/current_issue/rss,Y
1079-0969,2150-4113,"Boston, Mass. : Harvard School of Public Health, François-Xavier Bagnoud Center for Health and Human Rights",JD,"Health and human rights",,
1080-6040,1080-6059,"Atlanta, GA : National Center for Infectious Diseases : Centers for Disease Control and Prevention",JC,"Emerging infectious diseases EID",,Y
1087-2981,1087-2981,": Stockholm : Co-Action Pub. E. Lansing, MI : Medical Education Online",JD,"Medical education online",,Y
1090-7165,1573-3254,"New York, NY : Kluwer Academic/Plenum Publishers",JD,"AIDS and behavior",http://www.springerlink.com/content/104828?sortorder=asc&export=rss,Y
1091-8280,1091-8280,"Philadelphia : Hanley & Belfus",JB,"Proceedings / AMIA Annual Fall Symposium",,
1121-2233,1121-2233,"Pisa : Pacini. Genoa : Medical System Publisher",JB,"Journal of preventive medicine and hygiene",,
1176-6328,1176-6328,"Albany, Auckland, N.Z. : Dove Medical Press",JD,"Neuropsychiatric disease and treatment",http://www.dovepress.com/feed.php?journal_id=3,Y
1176-7529,1176-7529,"Dunedin, N.Z. : Bioethics Centre, University of Otago",JD,"Journal of bioethical inquiry",http://www.springerlink.com/content/120203?sortorder=asc&export=rss,Y
1176-9343,1176-9343,"Auckland, N.Z. : Libertas Academica",JD,"Evolutionary bioinformatics online",http://www.la-press.com/feed.php?journal_id=17,Y
1176-9351,1176-9351,"Auckland, N.Z. : Libertas Academica",JD,"Cancer informatics",http://www.la-press.com/feed.php?journal_id=10,Y
1177-8881,1177-8881,"Auckland, N.Z. : Dove Press",JD,"Drug design, development and therapy",http://www.dovepress.com/feed.php?journal_id=19,Y
1178-122X,1178-122X,"Auckland, New Zealand : Libertas Academica",JD,"Virology research and treatment",http://www.la-press.com/feed.php?journal_id=50,Y
1178-6264,1178-6264,"Auckland, N.Z. : Libertas Academia",JB,"Biochemistry Insights",http://www.la-press.com/feed.php?journal_id=95,Y
1178-6302,1178-6302,"Auckland, New Zealand : Libertas Academica",JD,"Environmental health insights",http://www.la-press.com/feed.php?journal_id=110,Y
1178-6329,1178-6329,"S.l. : Libertas Academica",JD,"Health Services Insights",http://www.la-press.com/feed.php?journal_id=117,Y
1178-6973,1178-6973,"Auckland, N.Z. : Dove Medical Press",JD,"Infection and drug resistance",http://www.dovepress.com/feed.php?journal_id=28,Y
1179-1314,1179-1314,"Auckland, N.Z. : Dove Medical Press",JD,"Breast cancer targets and therapy",,Y
1179-142X,1179-142X,"Auckland, N.Z. : Dove Medical Press",JD,"International medical case reports journal",http://www.dovepress.com/feed.php?journal_id=46,Y
1179-5557,1179-5557,"Auckland, N.Z. : Libertas Academica",JD,"Clinical medicine insights. Pathology",,Y
1179-5735,1179-5735,"S.l. : Libertas Academica",JD,"Journal of central nervous system disease",,Y
1179-7266,1179-7266,"Macclesfield u.a. : Dove Medical Press",JD,"Pragmatic and observational research",,
1195-1982,1708-8305,"Hamilton, Ont. : Decker Periodicals",JD,"Journal of travel medicine",http://onlinelibrary.wiley.com/rss/journal/10.1111/(ISSN)1708-8305,Y
1201-9712,1878-3511,"Hamilton, Ont. : Decker",JD,"International journal of infectious diseases IJID : official publication of the International Society for Infectious Diseases",http://rss.sciencedirect.com/publication/science/17975,Y
1252-607X,1776-1042,"Paris : PDG Communication",JD,Parasite,,
1308-8734,1308-8734,"Istanbul : AVES",JB,"The Eurasian journal of medicine",,Y
1319-562X,1319-562X,"880-02 Riyadh : Saudi Biological Society",JB,"880-01 Saudi journal of biological sciences",,
1319-6138,1319-6138,"Riyadh : Armed Forces Hospital",JB,"Neurosciences : the official journal of the Pan Arab Union of Neurological Sciences",,
1346-8650,1346-8650,"Tokyo, Japan : Japan Medical Association",JB,"Japan Medical Association journal : JMAJ",,
1348-8945,1349-4147,"Nagasaki, Japan : Japanese Society of Tropical Medicine",JB,"Tropical medicine and health",,
1355-0284,1355-0284,": New York : Springer London : Informa Healthcare New York, NY : Houndmills, Basingstoke, Hampshire ; Stockton Press",JB,"Journal of neurovirology",http://informahealthcare.com/action/showFeed?jc=jnv&type=etoc&feed=rss,Y
1355-8382,1355-8382,"New York, NY : Cambridge University Press",JB,RNA,http://www.rnajournal.org/rss/current.xml,Y
1364-503X,1471-2962,"London : Royal Society of London",JD,"Philosophical transactions. Mathematical, physical, and engineering sciences",http://rsta.royalsocietypublishing.org/rss/current.xml,
1368-4973,1472-3263,"London : BMJ Publishing Group",JD,"Sexually transmitted infections",http://sti.bmj.com/rss/current.xml,Y
1369-5274,1369-5274,"New York : London ; Current Biology",JB,"Current opinion in microbiology",http://rss.sciencedirect.com/publication/science/6250,Y
1369-6513,1369-7625,"Oxford, England : Blackwell Science Ltd",JD,"Health expectations",http://onlinelibrary.wiley.com/rss/journal/10.1111/(ISSN)1369-7625,Y
1373-1580,,,,,,
1386-6532,1873-5967,"New York : Amsterdam ; Elsevier Science",JD,"Journal of clinical virology",http://rss.sciencedirect.com/publication/science/6104,Y
1394-195X,1394-195X,"Kubang Kerian, Kelantan, Malaysia : School of Medical Sciences, Universiti Sains Malaysia",JB,"The Malaysian journal of medical sciences : MJMS",,Y
1415-4757,1415-4757,"Ribeirão Preto, SP, Brazil : Sociedade Brasileira de Genética",JD,"Genetics and molecular biology",http://www.scielo.br/rss.php?pid=1415-4757&lang=en,Y
1420-682X,1420-682X,"Boston : Basel ; Birkhäuser",JB,"Cellular and molecular life sciences : CMLS",http://www.springerlink.com/content/101193?sortorder=asc&export=rss,Y
1422-0067,1424-6783,"Basel (Sängergasse 25) : MDPI",JB,"International journal of molecular sciences",http://www.mdpi.com/rss/journal/ijms,Y
1424-8220,1424-8239,"Basel : MDPI",JB,Sensors,http://www.mdpi.com/rss/journal/diversity,Y
1424-8247,1424-8255,,JB,Pharmaceuticals,http://www.mdpi.com/rss/journal/pharmaceuticals,Y
1462-5814,1462-5822,"<&gt;: Oxford, UK : Blackwell Publishing Ltd. <&gt; : Malden, MA : Blackwell Science",JD,"Cellular microbiology",http://onlinelibrary.wiley.com/rss/journal/10.1111/(ISSN)1462-5822,Y
1465-7392,1465-7392,"London : Macmillan Magazines Ltd",JB,"Nature cell biology",http://www.nature.com/nature/current_issue/rss,Y
1467-7644,1467-7652,"<&gt;: Oxford, UK : Wiley Blackwell : Oxford : Blackwell Pub",JD,"Plant biotechnology journal",http://onlinelibrary.wiley.com/rss/journal/10.1111/(ISSN)1467-7652,Y
1469-221X,0261-4189,"Jan. 14 : London : Nature Pub. Group Jan. 4 Dec. 15 : London : Oxford University Press <Jan. &gt;-Dec. 15 : Oxford : Published for the European Molecular Biology Organization by IRL Press",JB,"The EMBO journal",http://www.nature.com/embor/journal/vaop/ncurrent/rss.rdf,Y
1471-2105,1471-2105,"London : BioMed Central",JD,"BMC bioinformatics",http://www.biomedcentral.com/bmcbioinformatics/rss,Y
1471-213X,1471-213X,"London : BioMed Central",JD,"BMC developmental biology",http://www.biomedcentral.com/bmcdevbiol/rss,Y
1471-2148,1471-2148,"London : BioMed Central",JD,"BMC evolutionary biology",http://www.biomedcentral.com/bmcevolbiol/rss,Y
1471-2164,1471-2164,"London : BioMed Central",JD,"BMC genomics",http://www.biomedcentral.com/bmcgenomics/rss,Y
1471-2180,1471-2180,"London : BioMed Central",JD,"BMC microbiology",http://www.biomedcentral.com/bmcmicrobiol/rss,Y
1471-2334,1471-2334,"London : BioMed Central",JD,"BMC infectious diseases",http://www.biomedcentral.com/bmcinfectdis/rss,Y
1471-2458,1471-2458,"London : BioMed Central",JD,"BMC public health",http://www.biomedcentral.com/bmcpublichealth/rss,Y
1471-4914,1471-4914,"Oxford, UK : Elsevier Science Ltd., ©",JB,"Trends in molecular medicine",http://rss.sciencedirect.com/publication/science/6628,Y
1471-4922,1471-5007,"London : Elsevier",JD,"Trends in parasitology",http://rss.sciencedirect.com/publication/science/6626,Y
1472-6750,1472-6750,"London : BioMed Central",JD,"BMC biotechnology",http://www.biomedcentral.com/bmcbiotechnol/rss,Y
1472-6947,1472-6947,"London : BioMed Central",JD,"BMC medical informatics and decision making",http://www.biomedcentral.com/bmcmedinformdecismak/rss,Y
1473-3099,1474-4457,"New York : Amsterdam ; Lancet Pub. Group, Elsevier Science",JD,"The Lancet infectious diseases",http://rss.sciencedirect.com/publication/science/6666,Y
1473-7159,1473-7159,"London : Future Drugs Ltd",JD,"Expert review of molecular diagnostics",http://www.expert-reviews.com/action/showFeed?ui=0&mi=ax70&ai=rx&jc=erm&type=etoc&feed=rss,Y
1474-7596,1474-7596,"London : BioMed Central Ltd",JB,"Genome biology",http://genomebiology.com/rss,Y
1475-2832,1475-2832,"London : BioMed Central",JD,"Annals of general hospital psychiatry",http://www.annals-general-psychiatry.com/rss,Y
1475-2875,1475-2875,"London : BioMed Central",JD,"Malaria journal",http://www.malariajournal.com/rss,Y
1475-9276,1475-9276,"London : BioMed Central",JD,"International journal for equity in health",http://www.equityhealthj.com/rss,Y
1476-069X,1476-069X,"London : BioMed Central",JD,"Environmental health a global access science source",http://www.ehjournal.net/rss,Y
1476-0711,1476-0711,"London : BioMed Central",JD,"Annals of clinical microbiology and antimicrobials",http://www.ann-clinmicrob.com/rss,Y
1476-072X,1476-072X,"London : BioMed Central",JD,"International journal of health geographics",http://www.ij-healthgeographics.com/rss,Y
1477-8939,1477-8939,"Amsterdam : Elsevier Science",JD,"Travel medicine and infectious disease",http://rss.sciencedirect.com/publication/science/12892,Y
1478-4505,1478-4505,"London : BioMed Central",JD,"Health research policy and systems",http://www.health-policy-systems.com/rss,Y
1479-5876,1479-5876,"London : BioMed Central",JD,"Journal of translational medicine",http://www.translational-medicine.com/rss,Y
1516-8484,1516-8484,"Rio de Janeiro : Sociedade Brasileira de Hematologia e Hemoterapia",JB,"Revista brasileira de hematologia e hemoterapia",http://www.scielo.br/rss.php?pid=1516-8484&lang=en,Y
1517-5693,,,,,,
1517-8382,1678-4405,"Rio de Janeiro, RJ, Brasil Sociedade Brasileira de Microbiologia",JB,"Brazilian journal of microbiology",http://www.scielo.br/rss.php?pid=1517-8382&lang=en,Y
1523-3820,1534-6250,"Philadelphia, Pa. : Current Science",JD,"Current treatment options in infectious disease",,
1523-3847,1534-3146,"S.l. : Springer",JD,"Current infectious disease reports",http://www.springerlink.com/content/120644?sortorder=asc&export=rss,
1524-0215,1943-4731,"Memphis, Tenn. : Association of Biomolecular Resource Facilities",JD,"Journal of biomolecular techniques the official journal of the Association of Biomolecular Resource Facilities",,Y
1524-5012,1524-5012,"<Winter &gt; : Lawrence, KS : Allen Press, Inc. for Ochsner Clinic Foundation Easton, MD : Cadmus Journal Services for Ochsner Clinic and Alton Ochsner Medical Foundation",JD,"The Ochsner journal",,
1528-4042,1534-6293,"Philadelphia, Pa. : Current Science",JD,"Current neurology and neuroscience reports",http://www.springerlink.com/content/120645?sortorder=asc&export=rss,Y
1529-2908,1529-2916,"New York, NY : Nature Pub. Group",JD,"Nature immunology",http://www.nature.com/ni/current_issue/rss,Y
1530-3667,1550-0012,"New York, N.Y. : Lange Medical Books/McGraw-Hill",JD,"Vaughan & Asbury's general ophthalmology",http://www.liebertonline.com/action/showFeed?ui=0&mi=0&ai=so&jc=vbz&type=etoc&feed=rss,Y
1530-7026,1531-135X,": New York : Springer Austin, TX : Psychonomic Society",JD,"Cognitive, affective, & behavioral neuroscience",http://cabn.psychonomic-journals.org/rss_feeds/current.xml,Y
1535-9476,1535-9476,"Bethesda, MD : American Society for Biochemistry and Molecular Biology, ©",JB,"Molecular & cellular proteomics : MCP",http://www.mcponline.org/rss/current.xml,Y
1536-2310,1536-2310,"Larchmont, NY : Mary Ann Liebert",JB,"Omics : a journal of integrative biology",http://www.liebertonline.com/action/showFeed?ui=0&mi=0&ai=s0&jc=omi&type=etoc&feed=rss,Y
1536-2442,0970-3837,"Ludhiana, India : Indian Society for the Advancement of Insect Science",JB,"Journal of insect science : a biannual journal devoted to basic and applied aspects of entomology",http://www.bioone.org/action/showFeed?type=etoc&feed=rss&jc=insc,Y
1536-5050,1558-9439,"Chicago, IL : Medical Library Association",JD,"Journal of the Medical Library Association JMLA",,Y
1542-0752,1542-9733,"Hoboken, N.J. : Wiley-Liss, Inc",JB,"Birth defects research. Part B, Developmental and reproductive toxicology",http://onlinelibrary.wiley.com/rss/journal/10.1002/(ISSN)1542-0760,Y
1544-9173,1545-7885,"San Francisco, CA : Public Library of Science",JD,"PLoS biology",http://biology.plosjournals.org/perlserv/?request=get-rss&issn=1545-7885&type=toc-articles&ct=1,Y
1545-9624,1545-9632,"Philadelphia, PA : Taylor and Francis, Inc",JD,"Journal of occupational and environmental hygiene",http://www.tandfonline.com/action/showFeed?jc=uoeh20&type=etoc&feed=rss,
1547-6286,1547-6286,"Georgetown, TX : Landes Bioscience",JB,"RNA biology",,
1549-1277,1549-1277,"San Francisco, CA : Public Library of Science",JB,"PLoS medicine / Public Library of Science",http://medicine.plosjournals.org/perlserv/?request=get-rss&issn=1549-1676&type=toc-articles,Y
1553-4006,1553-4006,"Palo Alto, Calif. : Annual Reviews",JB,"Annual review of pathology",http://arjournals.annualreviews.org/action/showFeed?ui=0&mi=3ymwk&ai=1xd&jc=pathmechdis&type=etoc&feed=rss,Y
1553-734X,1553-734X,"San Francisco, CA : Public Library of Science",JB,"PLoS computational biology",http://feeds.feedburner.com/ploscompbiol/NewArticles?format=xml,Y
1553-7366,1553-7366,"San Francisco, CA : Public Library of Science",JB,"PLOS pathogens / Public Library of Science",http://feeds.feedburner.com/plospathogens/NewArticles?format=xml,Y
1553-7390,1553-7390,"San Francisco, CA : Public Library of Science",JB,"PLOS genetics / Public Library of Science",http://feeds.feedburner.com/plosgenetics/NewArticles?format=xml,Y
1554-8929,1554-8937,"Washington, D.C. : American Chemical Society",JD,"ACS chemical biology",http://pubs.acs.org/wls/alerts/rss/acbcct.rss,Y
1559-0631,1559-064X,"New York, NY : Nature Pub. Group",JD,"Journal of exposure science and environmental epidemiology",http://www.nature.com/jes/current_issue/rss,Y
1559-4122,1559-4122,"Chicago, Ill. : American Health Information Management Association",JD,"Perspectives in health information management AHIMA, American Health Information Management Association",,
1559-6109,1559-6109,"Memphis, TN : American Association for Laboratory Animal Science",JB,"Journal of the American Association for Laboratory Animal Science : JAALAS",http://api.ingentaconnect.com/content/aalas/jaalas/latest?format=rss,
1598-2629,1598-2629,"S.l. Pubmed Central. Seoul Assoc",JB,"Immune Network",,
1598-866X,1598-866X,"Seoul : Korea Genome Organization",JB,"Genomics & informatics",,
1600-6135,1600-6143,"Copenhagen, Denmark : Munksgaard International Publishers",JD,"American journal of transplantation",http://onlinelibrary.wiley.com/rss/journal/10.1111/(ISSN)1600-6143,Y
1611-2156,1611-2156,"Mainz : Leipzig : Center for Toxicology, University of Leipzig, 2nd Medical Dept., University of Mainz ;",JB,"EXCLI journal experimental and clinical sciences",,Y
1612-9202,1612-9202,"New York : Springer",JB,EcoHealth,http://www.springerlink.com/content/110812?sortorder=asc&export=rss,Y
1640-5544,1899-7562,"Katowice : Academy of Physical Education",JB,"Journal of human kinetics Academy of Physical Education",,
1660-3397,1660-3397,"Basel, Switzerland : Molecular Diversity Preservation International",JD,"Marine drugs Ocean University of China, MDPI",http://www.mdpi.com/rss/journal/marinedrugs,Y
1660-3796,1660-3818,"Basel : Karger, 200X-",JD,"Transfusion Medicine and Hemotherapy offizielles Organ der Deutschen Gesellschaft für Transfusionsmedizin und Immunhämatologie",http://content.karger.com/ProdukteDB/rss.asp?j=TMH,Y
1662-5161,1662-5161,"Lausanne, Switzerland : Frontiers Research Foundation",JD,"Frontiers in human neuroscience",,
1663-9812,1663-9812,"Lausanne Frontiers Media",JD,"Frontiers in pharmacology",,
1664-042X,1664-042X,"Lausanne Frontiers Research Foundation",JD,"Frontiers in physiology Frontiers Research Foundation",,
1664-1078,1664-1078,"Lausanne Frontiers Research Foundation",JD,"Frontiers in psychology Frontiers Research Foundation",,
1664-2295,1664-2295,"Lausanne Frontiers Research Foundation",JD,"Frontiers in neurology Frontiers Research Foundation",,
1664-302X,1664-302X,"Lausanne Frontiers Media",JD,"Frontiers in microbiology",,
1664-3224,1664-3224,"Lausanne Frontiers Media",JD,"Frontiers in immunology",,
1664-8021,1664-8021,"Lausanne Frontiers Media",JD,"Frontiers in genetics",,
1671-4083,1671-4083,,JB,,http://www3.interscience.wiley.com/rss/journal/117994078,Y
1672-0229,1672-0229,"Beijing, China : Science Press",JD,"Genomics, proteomics & bioinformatics / Beijing Genomics Institute",http://rss.sciencedirect.com/publication/science/33034,
1674-800X,1674-8018,"Heidelberg : Springer",JD,"Protein & cell",http://www.springerlink.com/content/121723?sortorder=asc&export=rss,Y
1679-4508,1679-4508,"São Paulo, SP : Instituto de Ensino e Pesquisa Albert Einstein",JD,"Einstein / Instituto de Ensino e Pesquisa Albert Einstein",,Y
1680-6905,1729-0503,"Kampala, Uganda : Faculty of Medicine, Makerere University",JD,"African health sciences",,Y
1687-708X,1687-7098,"New York, NY : Hindawi Publishing Corporation",JD,"Interdisciplinary perspectives on infectious diseases",http://www.hindawi.com/journals/ipid/rss.xml,Y
1687-9686,1687-9694,"Hindawi Publishing Corporation",JD,"Journal of Tropical Medicine",http://www.hindawi.com/journals/jtm/rss.xml,Y
1687-9805,1687-9813,"New York, NY : Hindawi Pub. Corp",JD,"Journal of environmental and public health",http://www.hindawi.com/journals/jeph/rss.xml,Y
1712-9532,1180-2332,"Mississauga, Ont. : Canadian Cardiology Publications",JB,"The Canadian journal of infectious diseases = Journal canadien des maladies infectieuses",,
1715-6572,1715-6572,"Toronto : Longwoods Pub. Corp",JD,"Healthcare policy = Politiques de santé",,
1723-2007,0041-1787,"Roma : Pensiero Scientifico",JB,"La Trasfusione del sangue : revista della Societa Italiana di Immunoematologia, Associazione Italiana dei Centri Trasfusionali",,
1735-1995,1026-9843,,JB,,,Y
1740-1526,1740-1534,"London : Nature Pub. Group",JD,"Nature reviews. Microbiology",http://www.nature.com/nrmicro/current_issue/rss,Y
1741-427X,1741-427X,": New York, NY : Hindawi Pub. : Oxford, UK : Oxford University Press",JB,"Evidence-based complementary and alternative medicine : eCAM",http://ecam.oxfordjournals.org/rss/current.xml,Y
1741-7007,1741-7007,"London : BioMed Central",JD,"BMC biology",http://www.biomedcentral.com/bmcbiol/rss,Y
1741-7015,1741-7015,"London : BioMed Central",JD,"BMC medicine",http://www.biomedcentral.com/bmcmed/rss,Y
1742-2094,1742-2094,"London : BioMed Central",JD,"Journal of neuroinflammation",http://www.jneuroinflammation.com/rss,Y
1742-464X,1742-4658,"<August &gt;: Oxford, UK : Wiley-Blackwell : Oxford, UK ; Malden, Mass. : Blackwell",JD,"FEBS journal",http://onlinelibrary.wiley.com/rss/journal/10.1111/(ISSN)1742-4658,Y
1742-4682,1742-4682,"London : BioMed Central",JD,"Theoretical biology and medical modelling",http://www.tbiomed.com/rss,Y
1742-4690,1742-4690,"London : BioMed Central",JD,Retrovirology,http://www.retrovirology.com/rss,Y
1742-4755,1742-4755,"London : BioMed Central",JD,"Reproductive health RH",http://www.reproductive-health-journal.com/rss,Y
1742-6413,1742-6413,"London : BioMed Central",JD,CytoJournal,http://www.cytojournal.com/rssfeed.asp,Y
1742-9994,1742-9994,"London : BioMed Central",JD,"Frontiers in zoology",http://www.frontiersinzoology.com/rss,Y
1743-422X,1743-422X,"London : BioMed Central",JD,"Virology journal",http://www.virologyj.com/rss/,Y
1744-1692,1744-1706,"Abingdon : Routledge",JD,"Global public health an international journal for research, policy and practice",http://www.tandfonline.com/action/showFeed?jc=rgph20&type=etoc&feed=rss,
1744-4292,1744-4292,(U.st.),JD,"Molecular Systems Biology",http://www.nature.com/msb/current_issue/rss/,
1744-8603,1744-8603,"London : BioMed Central",JD,"Globalization and health",http://www.globalizationandhealth.com/rss/,Y
1744-9561,1744-957X,"London England : Royal Society",JD,"Biology letters",http://rsbl.royalsocietypublishing.org/rss/current.xml,Y
1745-6215,1745-6215,"London : BioMed Central",JD,Trials,http://www.trialsjournal.com/rss/,Y
1745-7580,1745-7580,": Bedford Park, S. Aust. : Nikolai Petrovsky Pub. London : BioMed Central",JD,"Immunome research",http://www.immunome-research.com/rss/,Y
1746-0794,1746-0794,"London, UK : Future Medicine Ltd",JD,"Future virology",http://www.futuremedicine.com/action/showFeed?ui=0&mi=0&ai=sf&jc=fvl&type=etoc&feed=rss,Y
1746-0913,1746-0921,"London Future Medicine Ltd",JD,"Future microbiology",http://www.futuremedicine.com/action/showFeed?ui=0&mi=0&ai=sv&jc=fmb&type=etoc&feed=rss,Y
1748-670X,1748-6718,"London : Taylor & Francis",JD,"Computational and mathematical methods in medicine",http://www.tandfonline.com/action/showFeed?jc=gthm20&type=etoc&feed=rss,Y
1749-8104,1749-8104,"London : BioMed Central",JD,"Neural development",http://www.neuraldevelopment.com/rss/,Y
1751-7915,1751-7915,"S.l. : Blackwell",JD,"Microbial biotechnology",http://onlinelibrary.wiley.com/rss/journal/10.1111/(ISSN)1751-7915,Y
1752-4571,1752-4563,"Blackwell Publishing Limited",JB,"Evolutionary Applications",http://onlinelibrary.wiley.com/rss/journal/10.1111/(ISSN)1752-4571,Y
1752-8550,1752-8550,": Stockholm : Co-Action Pub. London : Emerging Health Threats Forum",JD,"Emerging health threats journal",,Y
1753-495X,1753-4968,"London The Royal Society of Medicine Press",JD,"Obstetric medicine the medicine of pregnancy ; official journal of: ISOM (International Society of Obstetric Medicine) u.a",,
1753-6561,1753-6561,"London : BioMed Central",JD,"BMC proceedings",http://www.biomedcentral.com/bmcproc/rss/,Y
1754-1611,1754-1611,"London : BioMed Central",JD,"Journal of biological engineering",http://www.jbioleng.org/rss/,Y
1754-6605,1754-6605,"Bristonl, UK : Cancer Intelligence",JD,Ecancermedicalscience,,Y
1754-8403,1754-8403,"Cambridge : Co. of Biologists Ltd",JB,"Disease models & mechanisms : DMM",http://dmm.biologists.org/rss/current.xml,Y
1754-9973,1754-9973,"Oxford : Oxford University Press, ©",JB,"Public health ethics",http://phe.oxfordjournals.org/rss/current.xml,Y
1755-8166,1755-8166,"London : BioMed Central",JD,"Molecular cytogenetics",http://www.molecularcytogenetics.org/rss/,Y
1755-8794,1755-8794,"London : BioMed Central",JD,"BMC medical genomics",http://www.biomedcentral.com/bmcmedgenomics/rss/,Y
1756-0500,1756-0500,"London : Biomed Central",JD,"BMC research notes",,Y
1756-3305,1756-3305,"London : BioMed Central",JD,"Parasites & vectors",http://www.parasitesandvectors.com/rss/,Y
1756-8935,1756-8935,"London : BioMed Central",JD,"Epigenetics & chromatin",http://www.epigeneticsandchromatin.com/rss/,Y
1756-994X,1756-994X,"London : BioMed Central",JD,"Genome medicine",http://genomemedicine.com/rss/,Y
1757-4676,1757-4676,"Chichester, West Sussex : Wiley-Blackwell",JB,"EMBO molecular medicine",http://onlinelibrary.wiley.com/rss/journal/10.1002/(ISSN)1757-4684,Y
1758-5996,1758-5996,"London : BioMed Central",JD,"Diabetology & metabolic syndrome",,Y
1758-9193,1758-9193,"London : BioMed Central Ltd",JD,"Alzheimer's research & therapy",,Y
1759-6653,1759-6653,"Oxford, UK : Oxford University Press",JD,"Genome biology and evolution",,
1759-7684,1759-7684,"Malden, MA : Wiley Periodicals",JB,"Wiley interdisciplinary reviews. Developmental biology",http://onlinelibrary.wiley.com/rss/journal/10.1111/(ISSN)1759-7692,Y
1759-8753,1759-8753,"London : Biomed Central",JD,"Mobile DNA",,Y
1792-0981,1792-0981,"Athens : Spandidos Pub",JB,"Experimental and therapeutic medicine",,
1838-7640,1838-7640,"Wyoming, N.S.W. : Ivyspring International Publisher",JD,Theranostics,,
1860-5397,1860-5397,"London : Frankfurt, Germany : In cooperation with BioMed Central, Beilstein-Institut ;",JD,"Beilstein journal of organic chemistry",http://bjoc.beilstein-journals.org/rss/,Y
1867-2450,1867-2469,"Heidelberg : Springer Berlin",JD,"Biophysical reviews",http://www.springerlink.com/content/121314?sortorder=asc&export=rss,Y
1871-7934,1871-7942,"Dordrecht : Springer",JB,"Genomic medicine",,Y
1874-3129,1874-3129,"Hilversum : Bentham Science Publishers",JD,"The open rheumatology journal",,Y
1874-5490,1874-5504,"Dordrecht : Springer Netherlands",JD,Neuroethics,http://www.springerlink.com/content/120989?sortorder=asc&export=rss,
1879-6257,1879-6265,"Amsterdam u.a. : Elsevier",JB,"Current opinion in virology",,
1927-646X,,,,,,
1929-0748,1929-0748,"London : Pubmed Central",JD,"JMIR research protocols",,
1931-3128,1931-3128,"Cambridge, MA : Cell Press",JB,"Cell host & microbe",http://rss.sciencedirect.com/publication/science/41807,
1932-6203,1932-6203,"San Francisco, CA : Public Library of Science",JD,"PloS one",http://feeds.feedburner.com/plosone/PLoSONE?format=xml,Y
1935-2727,1935-2735,"San Francisco, CA : Public Library of Science",JD,"PLoS neglected tropical diseases",http://feeds.feedburner.com/plosntds/NewArticles?format=xml,Y
1936-900X,1936-900X,"Orange, CA : California Chapter of the American Academy of Emergency Medicine",JB,"The western journal of emergency medicine",http://escholarship.org/uc/search?journal=%22Western%20Journal%20of%20Emergency%20Medicine%22;entity-ignore=uciem_westjem;docsPerPage=100;rmode=rss;sort=rss,Y
1937-1888,1938-4114,"Piscataway, NJ : Alcohol Research Documentation, Inc., Rutgers, the State University of New Jersey",JD,"Journal of studies on alcohol and drugs",,Y
1937-8688,1937-8688,"Kampala, Uganda : African Field Epidemiology Network",JD,"The Pan African medical journal",,Y
1941-8744,1941-8744,"Thousand Oaks : SAGE Publications",JD,"The Neurohospitalist",,
1942-0862,1942-0870,"Austin, TX : Landes Bioscience",JD,MAbs,,
1944-8171,1944-8171,"Madison, WI : E-Century Pub. Corp",JD,"International journal of physiology, pathophysiology and pharmacology",,
1944-8244,1944-8252,"Washington, DC : American Chemical Society",JD,"ACS applied materials & interfaces",http://pubs.acs.org/action/showFeed?ui=0&mi=0&ai=5k5&jc=aamick&type=etoc&feed=rss,Y
1947-2579,1947-2579,"Chicago, IL : University of Illinois at Chicago",JD,"Online journal of public health informatics",,
1949-2553,1949-2553,"Albany, N.Y. : Impact Journals",JB,Oncotarget,,
1975-8375,1975-8375,"Wonju, Korea : Korean Society for Preventive Medicine",JB,"Journal of preventive medicine and public health = Yebang Ŭihakhoe chi",,
1999-4915,1999-4915,"Basel, Switzerland : Molecular Diversity Preservation International",JD,Viruses,http://www.mdpi.com/rss/journal/viruses,Y
1999-768X,1999-768X,"Muscat : Oman Medical Specialty Board",JD,"Oman medical journal",,Y
2001-0370,2001-0370,"Göteborg : Chalmers University of Technology",JD,"Computational and Structural Biotechnology Journal",,
2001-1326,2001-1326,"Lund : International Society for Translational Medicine, Department of Surgery, Clinical Science Lund",JD,"Clinical and translational medicine International Society for Translational Medicine",,Y
2008-3289,2008-3289,"Tehran : Tehran University of Medical Sciences",JB,"Iranian journal of microbiology",,
2008-7802,2008-8213,"Isfahan : University of Medical Sciences",JD,"International journal of preventive medicine IJPM",,Y
2035-3006,2035-3006,"Roma : Catholic University",JD,"Mediterranean journal of hematology and infectious diseases",,Y
2036-7430,2036-7449,"Pavia, Italy : PAGEPress",JD,"Infectious disease reports",,Y
2041-1723,2041-1723,"London : Nature Publishing Group",JD,"Nature communications",,Y
2041-2851,2041-2851,"Oxford : Oxford Journals on behalf of the Annals of Botany Company",JD,"AoB plants",,Y
2041-4889,2041-4889,"New York : NPG, Macmillan Publishers",JD,"Cell death and disease",,Y
2041-7314,2041-7314,"London u.a. : Sage-Hindawi",JD,"Journal of tissue engineering",http://www.sage-hindawi.com/journals/jte/rss.xml,
2045-2322,2045-2322,"London : Nature Publishing Group",JD,"Scientific reports",,
2045-3701,2045-3701,"Methesda US : National Institute of Health",JD,"Cell & bioscience",,Y
2045-4015,2045-4015,"London : BioMed Central",JD,"Israel journal of health policy research",,Y
2045-7758,2045-7758,"Oxford : Blackwell Pub. Ltd",JD,"Ecology and evolution",,Y
2046-1402,2046-1402,"London : Faculty of",JD,F1000Research,,
2046-2441,2046-2441,"London : Royal Society Publishing",JD,"Open biology The Royal Society",,
2046-6390,2046-6390,"Cambridge : Co",JD,"Biology open BiO / Company of Biologists",,
2047-217X,2047-217X,"London : BioMed Central",JB,GigaScience,,Y
2047-2978,2047-2978,"Edinburgh : Edinburgh University Global Health Society",JB,"Journal of global health",,
2047-2994,2047-2994,"London : Biomed Central",JD,"Antimicrobial resistance & infection control",,Y
2047-7724,2047-7724,"Leeds u.a. : Maney",JB,"Pathogens and global health",,
2049-9361,2049-9361,,JB,"Therapeutic advances in infectious disease",,
2049-9957,2049-9957,"London : BioMed ; S.l. : Springer",JD,"Infectious diseases of poverty",,Y
2050-0068,2050-0068,"London : Nature Publishing Group",JD,"Clinical & translational immunology",,Y
2050-084X,2050-084X,"Cambridge, UK : eLife Sciences Publications, Ltd",JB,eLife,,
2050-6201,2050-6201,"Oxford : Oxford Univ. Press",JD,"Evolution, Medicine, and Public Health EMPH / Foundation for Evolution, Medicine, and Public Health",,
2051-5960,2051-5960,"London : BioMed Central",JD,"Acta neuropathologica communications",,Y
2052-2975,2052-2975,"Hoboken, NJ : Wiley-Blackwell",JD,"New microbes and new infections",,
2052-336X,2052-336X,"London : BioMed Central",JD,"Journal of environmental health science & engineering",,Y
2053-230X,2053-230X,,JD,"Acta crystallographica. Structural biology communications. Section F",,
2053-3721,2053-3721,"London s.n. ,",JD,"JMM Case Reports Society for General Microbiology",,
2054-5703,,,,,,
2055-6640,,,,,,
2056-5623,,,,,,
2056-5968,,,,,,
2056-9920,,,,,,
2057-1577,,,,,,
2057-5858,,,,,,
2058-5276,,,,,,
2059-7029,,,,,,
2059-7908,,,,,,
2072-6694,2072-6694,"Molecular Diversity Preservation International (MDPI)",JB,Cancers,http://www.mdpi.com/rss/journal/cancers,
2073-4425,2073-4425,"Basel MDPI",JD,"Genes Molecular Diversity Preservation International",,Y
2075-4450,2075-4450,"S.l. : MDPI AG",JD,Insects,,
2076-3905,2076-3905,"Basel : MDPI",JD,"Microarrays open access journal",,
2076-393X,2076-393X,"Basel : MDPI",JD,"Vaccines open access journal",,
2076-9172,2076-9172,"Haifa: Rambam Heath Care Campus/Technion",JD,"Rambam Maimonides medical journal",,Y
2077-0383,2077-0383,"Basel : MDPI",JD,"Journal of Clinical Medicine open access journal",,
2079-6374,2079-6374,"Basel : MDPI",JD,"Biosensors open access journal",,
2090-908X,2090-908X,"S.l. : Hindawi Publishing Corporation",JD,Scientifica,,
2092-7193,2092-7193,"Seoul : Korean Society of Epidemiology",JD,"Epidemiology and health",,Y
2093-3681,2093-3681,"Seoul : Korean Society of Medical Informatics",JB,"Healthcare informatics research",,
2094-7321,2094-7321,"Manila, Philippines : World Health Organization, Regional Office for the Western Pacific, ©",JB,"Western Pacific surveillance and response journal : WPSAR",,
2095-8137,,,,,,
2110-5820,2110-5820,"Heidelberg : SpringerOpen",JD,"Annals of intensive care the official organ of the SRLF",,Y
2146-3123,2146-3131,"Edirne Trakya Univ. School of Medicine",JD,"Balkan medical journal the official journal of Trakya University Faculty of Medicine",,
2149-0937,,,,,,
2149-2263,,,,,,
2150-7511,2161-2129,"Washington, D.C. : American Society for Microbiology,",JB,MBio,,Y
2157-3999,2157-3999,"San Francisco, CA : Public Library of Science",JD,"PLoS currents",,
2158-3188,2158-3188,"New York, NY : Nature Pub. Group",JD,"Translational psychiatry",,Y
2160-1836,2160-1836,"Bethesda, MD : Genetics Society of America",JD,"G3 genes - genomes - genetics",,
2160-4150,2160-4150,"Madison, Wis. : e-Century",JB,"American journal of stem cells",,
2161-0711,2161-0711,,JD,"Journal of community medicine & health education",,
2162-8254,2162-8254,,JD,"Rand health quarterly",,
2164-2591,2164-2591,"Rockville, Md. : Association for Research in Vision and Ophthalmology",JD,"Translational vision science & technology",,
2164-5515,2164-5515,"Austin, Tex. : Landes Bioscience",JB,"Human vaccines & immunotherapeutics",,
2164-7844,2164-7844,"New Rochelle, NY : Mary Ann Liebert, Inc",JB,"BioResearch open access",,
2166-5044,2166-5044,,JB,"Disaster health",,
2167-8359,2167-8359,"Corte Madera, CA : PeerJ Inc",JD,PeerJ,,
2168-4790,2168-4790,"Thousand Oaks, CA : Sage Publications",JB,"Therapeutic innovation & regulatory science",,
2168-6149,2168-6157,"Chicago, IL : American Medical Association",JD,"JAMA neurology",,
2168-6165,2168-6173,"Chicago, IL : American Medical Association",JB,"JAMA ophthalmology",,
2168-8184,2168-8184,"Palo Alto, CA : Cureus, Inc",JD,"Curēus medical knowledge for the world",,
2169-575X,2169-575X,"S.l. : U.S. Agency for International Development, USAID",JD,"Global health : science and practice",,
2169-8287,2169-8287,"Washington, DC : American Society for Microbiology",JD,"Genome announcements",,
2190-5738,2190-572X,Springer,JB,"3 biotech",,Y
2191-0855,2191-0855,"Berlin/Heidelberg : Springer-Verlag",JD,"AMB Express",,Y
2195-1071,2195-1071,"Weinheim, Germany : Wiley-VCH Verlag GmbH & Co. KGaA",JD,"Advanced optical materials",,
2211-1247,2211-1247,"Cambridge, MA : Cell Press, c",JD,"Cell reports",,
2211-3355,2211-3355,"S.l. : Elsevier",JD,"Preventive medicine reports",,
2213-5960,2213-5960,"Amsterdam u.a. Elsevier",JB,"Genomics data",,
2213-6711,2213-6711,"Cambridge, MA : Cell Press",JD,"Stem cell reports",,
2214-2509,2214-2509,"Amsterdam u.a. Elsevier",JB,"ID Cases",,
2214-5745,,,,,,
2220-3249,2220-3249,"Hong Kong : Baishideng Pub. Group Co., Ltd",JD,"World journal of virology",,
2220-8372,2220-8372,"Paris : International Union Against Tuberculosis and Lung Disease",JD,"Public health action",,
2222-1751,2222-1751,"New York : NPG",JD,"Emerging microbes & infections",,Y
2222-3959,2222-3959,"Xi'an, China : Press of International Journal of Ophthalmology",JB,"International journal of ophthalmology",,
2227-9067,2227-9067,"Basel MDPI",JD,"Children open access pediatrics journal",,
2235-2988,2235-2988,"Lausanne : Frontiers Media",JD,"Frontiers in Cellular and Infection Microbiology",,
2248-2997,2248-2997,"Bucharest European Academy of HIV/AIDS and Infectious Diseases",JD,"Germs peer-reviewed online infectious diseases journal",,Y
2249-4863,,,,,,
2287-3651,2287-3651,"Seoul : Korean Vaccine Society",JD,"Clinical and experimental vaccine research",,
2296-2360,2296-2360,"Lausanne : Frontiers Media",JB,"Frontiers in Pediatrics",,
2296-2565,2296-2565,"Lausanne : Frontiers Media",JB,"Frontiers in Public Health",,
2296-2646,2296-2646,"Lausanne : Frontiers Media",JB,"Frontiers in Chemistry",,
2296-858X,,,,,,
2296-889X,,,,,,
2297-1769,,,,,,
2304-8158,2304-8158,"Basel : MDPI",JD,"Foods open access journal",,
2305-5839,2305-5839,"Hong Kong : AME Publishing Company",JD,"Annals of translational medicine",,
2306-9759,,,,,,
2311-2638,,,,,,
2312-0541,,,,,,
2314-6133,2314-6141,"New York, NY : Hindawi Pub. Co",JD,"BioMed research international",,
2324-9269,2324-9269,"Hoboken, NJ : John Wiley & Sons",JD,"Molecular genetics & genomic medicine",,
2326-5094,2326-5108,,JD,"Health security",,
2327-056X,2327-0578,"Palo Alto, CA : Annual Reviews",JD,"Annual review of virology",,
2328-8957,2328-8957,"Oxford : Oxford University Press",JD,"Open forum infectious diseases",,
2332-7812,2332-7812,"Philadelphia, Pa. : Lippincott Williams et Wilkins",JD,"Neurology® neuroimmunology & neuroinflammation",,
2332-8940,2332-8959,,JD,"Temperature : multidisciplinary biomedical journal",,
2347-3584,2347-3517,"New York : Springer",JB,VirusDisease,,
2352-3409,,,,,,
2352-3964,,,,,,
2352-5126,,,,,,
2352-7714,,,,,,
2369-2960,,,,,,
2373-2822,,,,,,
2373-8227,,,,,,
2374-2895,,,,,,
2374-7943,,,,,,
2375-2548,,,,,,
2377-4304,,,,,,
2378-9506,,,,,,
2379-3708,,,,,,
2379-5042,,,,,,
2405-8440,,,,,,
2469-2964,,,,,,
